rank,uri,artist_names,track_name,source,peak_rank,previous_rank,weeks_on_chart,streams
1,"spotify:track:6QFCMUUq1T2Vf5sFUXcuQ7","Justin Bieber, Nicki Minaj","Beauty And A Beat","RBMG/Def Jam",1,1,8,"57576989"
2,"spotify:track:68lbSrXDORS51pmyjZv712","BTS","SWIM","BIGHIT MUSIC",1,3,6,"42345358"
3,"spotify:track:7yNf9YjeO5JXUE3JEBgnYc","Dominic Fike","Babydoll","Columbia",1,4,24,"39457419"
4,"spotify:track:7Hc6qcJG4NtyZgbNvQyd8U","Olivia Rodrigo","drop dead","Olivia Rodrigo PS",2,2,2,"33785384"
5,"spotify:track:7J1uxwnxfQLu4APicE5Rnj","Michael Jackson","Billie Jean","Epic",5,65,49,"28509709"
6,"spotify:track:5BZsQlgw21vDOAjoqkNgKb","Justin Bieber","DAISIES","JRC Entertainment, LLC / ILH Production Co. LLC / Def Jam Recordings",2,5,42,"28188949"
7,"spotify:track:5y2ijHECwFYWqcAHKTZgzD","Bruno Mars","Risk It All","Atlantic Records",3,7,9,"26361188"
8,"spotify:track:5yvVYFDUpbnjcnRBgjwTzM","Tame Impala, JENNIE","Dracula - JENNIE Remix","Columbia",8,8,11,"25033403"
9,"spotify:track:7qjZnBKE73H4Oxkopwulqe","sombr","back to friends","Warner Records",1,10,58,"24630330"
10,"spotify:track:1DwscornXpj8fmOmYVlqZt","PinkPantheress, Zara Larsson","Stateside + Zara Larsson","Warner Records",2,11,16,"24220945"
11,"spotify:track:1qbmS6ep2hbBRaEZFpn7BX","Olivia Dean","Man I Need","PLG - Capitol",3,16,36,"24215529"
12,"spotify:track:3qhlB30KknSejmIvZZLjOD","Djo","End of Beginning","Djo",1,13,115,"24139158"
13,"spotify:track:3oTuTpF1F3A7rEC6RKsMRz","Dave, Tems","Raindance (feat. Tems)","Neighbourhood",6,17,22,"23300226"
14,"spotify:track:53iuhJlwXhSER5J2IYYv1W","Taylor Swift","The Fate of Ophelia","Taylor Swift",1,18,30,"22215368"
15,"spotify:track:3BovdzfaX4jb5KFQwoPfAw","Michael Jackson","Beat It","Epic",15,132,4,"22149218"
16,"spotify:track:6sGIMrtIzQjdzNndVxe397","Olivia Dean","So Easy (To Fall In Love)","PLG - Capitol",6,20,31,"21733428"
17,"spotify:track:6epn3r7S14KUqlReYr77hA","Justin Bieber, Ludacris","Baby","RBMG/Def Jam",6,6,3,"21632324"
18,"spotify:track:3sK8wGT43QFpWrvNQsrQya","Bad Bunny","DtMF","Rimas Entertainment LLC.",1,19,69,"21511351"
19,"spotify:track:6czM6UMQD9qE5GAUp68oud","Justin Bieber, Chance the Rapper","Confident","RBMG/Def Jam",9,9,29,"20939524"
20,"spotify:track:3iU2qsthCTo5EeTE03l3Si","Noah Kahan","Doors","Mercury Records",20,-1,1,"20778522"
21,"spotify:track:2RkZ5LkEzeHGRsmDqKwmaJ","Alex Warren","Ordinary","Atlantic Records",1,26,64,"19977935"
22,"spotify:track:7eYzn1CuiJK6VvUhf8zA6k","RAYE","WHERE IS MY HUSBAND!","Human Re Sources",6,21,32,"19526262"
23,"spotify:track:7scFxt9VhL4FJwuPSfRlfN","Ella Langley","Choosin' Texas","SAWGOD/Columbia",23,29,17,"19395637"
24,"spotify:track:4WFgvKVfEhb3IUAFGrutTR","Ravyn Lenae","Love Me Not","Atlantic Records",8,31,58,"19382297"
25,"spotify:track:6Qyc6fS4DsZjB2mRW9DsQs","The Goo Goo Dolls","Iris","Warner Records",12,28,139,"19322949"
26,"spotify:track:1rIKgCH4H52lrvDcz50hS8","Zara Larsson","Lush Life","Epic/Record Company TEN",7,22,36,"19260458"
27,"spotify:track:5IMpnpD0tQVcqWlVIgtAtV","Bella Kay","iloveitiloveitiloveit","2026 Bella Kay",15,25,10,"18434355"
28,"spotify:track:09CtPGIpYB4BrO8qb1RGsF","Justin Bieber","Sorry","RBMG/Def Jam",12,12,50,"18302545"
29,"spotify:track:7so0lgd0zP2Sbgs2d7a1SZ","Lady Gaga, Bruno Mars","Die With A Smile","Interscope Records",1,37,89,"18267921"
30,"spotify:track:1CPZ5BxNNd0n0nF4Orb9JS","HUNTR/X, EJAE, AUDREY NUNA, REI AMI, KPop Demon Hunters Cast","Golden","K-Pop Demon Hunters",1,33,45,"18143237"
31,"spotify:track:2rKkfc4VZ74FQDc1FF1Zo6","BTS","Body to Body","BIGHIT MUSIC",2,24,6,"17927246"
32,"spotify:track:0eAuGrXyGFYwur9ARUe7LJ","Malcolm Todd","Earrings","Columbia",32,48,5,"17649049"
33,"spotify:track:5ViLKrbyL3HD6wsq3AB9eI","Dominic Fike","White Keys","Columbia",30,34,10,"17610194"
34,"spotify:track:6f68Ac5tt5BQOpwr0BV9oN","Bruno Mars","I Just Might","Atlantic Records",3,30,16,"17572845"
35,"spotify:track:3bmpXHVie1GTy37OkXJ7Vc","BTS","2.0","BIGHIT MUSIC",9,27,6,"17404537"
36,"spotify:track:2BwO5K8Q7EPAJSGze3AAh9","Sabrina Carpenter","Manchild","Island Records",1,23,47,"17385151"
37,"spotify:track:6dOtVTDdiauQNBQEDOtlAB","Billie Eilish","BIRDS OF A FEATHER","Darkroom/Interscope Records",1,41,102,"17363330"
38,"spotify:track:20dAJsyno9ZoBLJtqgQnUI","BTS","Hooligan","BIGHIT MUSIC",4,32,6,"17040268"
39,"spotify:track:2lTm559tuIvatlT1u0JYG2","Bad Bunny","BAILE INoLVIDABLE","Rimas Entertainment LLC.",2,38,69,"17034542"
40,"spotify:track:6hkOqJ5mE093AQf2lbZnsG","Katy Perry","The One That Got Away","Capitol Records",40,59,6,"16718471"
41,"spotify:track:4vVTI94F9uJ8lHNDWKv0i2","Sean Kingston, Justin Bieber","Eenie Meenie - Radio Version","Epic/Legacy",14,14,4,"16668128"
42,"spotify:track:50kpGaPAhYJ3sGmk6vplg0","Justin Bieber","Love Yourself","RBMG/Def Jam",15,15,67,"16549624"
43,"spotify:track:5TFD2bmFKGhoCRbX61nXY5","Bad Bunny","NUEVAYoL","Rimas Entertainment LLC.",3,40,69,"16278175"
44,"spotify:track:21IYMdzTrzSe191Cy5eMap","Gigi Perez","Sailor Song","Outtahere, LLC / Island Records",7,56,89,"15931616"
45,"spotify:track:7tICCrK3CcyRFKza7yrR0z","sombr","Homewrecker","Warner Records",21,39,12,"15910721"
46,"spotify:track:5nEdwtSv0qqeE0l4o1lR4q","Sean Paul, Keyshia Cole","(When You Gonna) Give It Up to Me - Radio Version","VP Records",36,43,15,"15817474"
47,"spotify:track:0cQVqPuHQP4KEwc7ZUQmj6","The Neighbourhood","Sweater Weather","Columbia",16,45,296,"15801951"
48,"spotify:track:4fEUmNN8KK5sNqvKjBstKg","Noah Kahan","End of August","Mercury Records",48,-1,1,"15678332"
49,"spotify:track:4ck9vo0gEmjVHWUb5q2rYe","Noah Kahan","The Great Divide","Mercury Records",16,-1,5,"15385065"
50,"spotify:track:3WRgRy12YW4I9mjodKXWwy","Noah Kahan","American Cars","Mercury Records",50,-1,1,"14852290"
51,"spotify:track:1JSTJqkT5qHq8MDJnJbRE1","The Police","Every Breath You Take","Polydor Records",8,58,229,"14793193"
52,"spotify:track:6rlU0kRQNjMZ7t5I92yCIi","Noah Kahan","Dashboard","Mercury Records",52,-1,1,"14745137"
53,"spotify:track:0lYBSQXN6rCTvUZvg9S0lU","DJ Snake, Justin Bieber","Let Me Love You","DJ Snake Def Jam",4,35,103,"14737310"
54,"spotify:track:003vvx7Niy0yvhvHt4a68B","The Killers","Mr. Brightside","Island Records",44,69,218,"14737167"
55,"spotify:track:1zi7xx7UVEFkmKfv06H8x0","Drake, Wizkid, Kyla","One Dance","Cash Money Records/Young Money Ent./Universal Rec.",12,64,276,"14492214"
56,"spotify:track:5g7sDjBhZ4I3gcFIpkrLuI","Bruno Mars","Locked out of Heaven","Atlantic Records",18,53,195,"14466471"
57,"spotify:track:1NXbNEAcPvY5G1xvfN57aA","Tame Impala","Dracula","Columbia",35,67,25,"14228339"
58,"spotify:track:46eu3SBuFCXWsPT39Yg3tJ","Michael Jackson","Don't Stop 'Til You Get Enough","Epic",58,-1,1,"14224618"
59,"spotify:track:0RsH8g8DxdYZgdGcod5I36","Banjaare","Bairan","Sony Music India / Brown",35,55,8,"14179776"
60,"spotify:track:567e29TDzLwZwfDuEpGTwo","The Kid LAROI, Justin Bieber","STAY (with Justin Bieber)","Columbia",1,36,178,"14129946"
61,"spotify:track:4KmkJjHTNlr1jFY56Lyz4E","KATSEYE","PINKY UP","HYBE/Geffen",18,44,3,"14126265"
62,"spotify:track:0KmrKOdScRDVYwWS8hkkdv","BTS","FYA","BIGHIT MUSIC",5,51,6,"13897233"
63,"spotify:track:0MUXBhPUDF8or0kfQ0EHwV","Sam Fender, Olivia Dean","Rein Me In (with Olivia Dean)","Polydor Records",56,79,9,"13861034"
64,"spotify:track:6eLQXa6uk2EW8drsiKbABZ","Fuerza Regida","TU SANCHO","Rancho Humilde/Street Mob Records/Sony Music Latin",11,50,45,"13844120"
65,"spotify:track:5T7ywazdGIydr6JCW6t02j","Michael Jackson","Smooth Criminal - 2012 Remaster","Epic/Legacy",65,-1,1,"13802697"
66,"spotify:track:0b61A7v9agI08BG21jJPQ9","BTS","they don’t know ’bout us","BIGHIT MUSIC",10,57,6,"13768150"
67,"spotify:track:2HRqTpkrJO5ggZyyK6NPWz","Sabrina Carpenter","Espresso","Island Records",1,66,107,"13762087"
68,"spotify:track:70LcF31zb1H0PyJoS1Sx1r","Radiohead","Creep","XL Recordings",27,70,126,"13691749"
69,"spotify:track:4B4Q7zfd0aHcuhQBfCRnH5","BTS","NORMAL","BIGHIT MUSIC",6,54,6,"13607857"
70,"spotify:track:69ghzc538EQSVon2Gm3wrr","Justin Bieber","One Less Lonely Girl","RBMG/Def Jam",70,75,2,"13593370"
71,"spotify:track:5sX4UiPdOdndSEWA6asUgh","El Bogueto, Anuel AA, Fuerza Regida, Yung Beef","Cuando No Era Cantante - Remix","El Bogueto",30,77,20,"13516345"
72,"spotify:track:7N3d1hsZZpmmnovfAtnVFU","Noah Kahan","Porch Light","Mercury Records",45,-1,3,"13475563"
73,"spotify:track:4qW3BbQAwZsrnu8a3ZRdyT","Temper City","Self Aware","Temper City under exclusive license to Thirty Knots",73,107,4,"13420149"
74,"spotify:track:5tGnphp8D9Doa2ZULhJSMx","Noah Kahan","Downfall","Mercury Records",74,-1,1,"13327353"
75,"spotify:track:2uXlHCUbq9OMUwx3hrk06o","Vance Joy","Riptide","Atlantic Records",30,96,272,"13254077"
76,"spotify:track:5XeFesFbtLpXzIVDNQP22n","Arctic Monkeys","I Wanna Be Yours","Domino Recording Co",15,74,199,"13238391"
77,"spotify:track:3QaPy1KgI7nu9FJEQUgn6h","Billie Eilish","WILDFLOWER","Darkroom/Interscope Records",9,78,102,"13165018"
78,"spotify:track:6J5kc12BW5HuP3d7C3vvx8","Bad Bunny","EoO","Rimas Entertainment LLC.",4,73,69,"13106432"
79,"spotify:track:2IFND3phjzIG1RcPnHh2hP","BTS","Like Animals","BIGHIT MUSIC",8,60,6,"13076201"
80,"spotify:track:3xkHsmpQCBMytMJNiDf3Ii","Benson Boone","Beautiful Things","Night Street Records, Inc./Warner Records Inc.",1,84,119,"13029404"
81,"spotify:track:5Ohxk2dO5COHF1krpoPigN","Harry Styles","Sign of the Times","Columbia",14,62,50,"12974945"
82,"spotify:track:7MXVkk9YMctZqd1Srtv4MB","The Weeknd, Daft Punk","Starboy","The Weeknd/Lyric",1,92,291,"12961973"
83,"spotify:track:1tz7RZirwiuaJw2p0jbdHb","Omar Courtz","KOKO","Rimas Entertainment LLC.",66,72,7,"12946745"
84,"spotify:track:05od2qm2MTSKCHxy1GBp5W","sombr","12 to 12","Warner Records",14,68,40,"12803241"
85,"spotify:track:53qkszfgztIvkFyF31GfdQ","Fleetwood Mac","Dreams - 2004 Remaster","Rhino/Warner Records",20,49,152,"12773823"
86,"spotify:track:0aPZbnkMoWJaJ5CNVLCj8S","Justin Bieber","That Should Be Me","RBMG/Def Jam",46,46,3,"12748977"
87,"spotify:track:5tg21NdePCn5m8F9BXOEeJ","BTS","Aliens","BIGHIT MUSIC",7,63,6,"12719168"
88,"spotify:track:29iva9idM6rFCPUlu7Rhxl","Justin Bieber","YUKON","JRC Entertainment, LLC / ILH Production Co. LLC / Def Jam Recordings",17,52,17,"12651688"
89,"spotify:track:2gYTC8DsplN3RNdpdBcCOQ","SIENNA SPIRO","Die On This Hill","Capitol Records",9,80,20,"12649695"
90,"spotify:track:7ogpGbKc4Io6NCU6ydxXwZ","Alex Warren","FEVER DREAM","Atlantic Records",21,76,9,"12566625"
91,"spotify:track:0KKkJNfGyhkQ5aFogxQAPU","Bruno Mars","That's What I Like","Atlantic Records",6,71,183,"12453497"
92,"spotify:track:3wuCCNCnBhJlwkIJTBZFiv","Michael Jackson","They Don't Care About Us","Epic",92,-1,1,"12436904"
93,"spotify:track:7CyPwkp0oE8Ro9Dd5CUDjW","The Weeknd, JENNIE, Lily-Rose Depp","One Of The Girls (with JENNIE, Lily Rose Depp)","XO / Republic Records",3,88,134,"12422721"
94,"spotify:track:3cZajhyr8LmtPfHZ9296tj","Disco Lines, Tinashe","No Broke Boys","Nice Life/Atlantic",13,89,44,"12236764"
95,"spotify:track:6pk6E0SZxILzfaAGFngxEs","Noah Kahan","Willing and Able","Mercury Records",95,-1,1,"12192227"
96,"spotify:track:1IHWl5LamUGEuP4ozKQSXZ","Bad Bunny","Tití Me Preguntó","Rimas Entertainment LLC",4,87,74,"12165257"
97,"spotify:track:136BeIIoBGrrU9fI1jbcDR","Peso Pluma, Tito Double P","daño","Double P Records",32,91,18,"12150456"
98,"spotify:track:3B4cjvGlPvyBLNG3AzEgkZ","Don Toliver","E85","CactusJack/Donnway/ATL",47,82,13,"12126159"
99,"spotify:track:6I3mqTwhRpn34SLVafSH7G","Justin Bieber","Ghost","RBMG/Def Jam",11,61,137,"11963147"
100,"spotify:track:4Dvkj6JhhA12EX05fT7y2e","Harry Styles","As It Was","Columbia",1,83,206,"11950887"
101,"spotify:track:5GYbkDveRD2I8M5ZJ14hWn","Justin Bieber, Jaden","Never Say Never","RBMG/Def Jam",47,47,3,"11879719"
102,"spotify:track:4rECUI03C2RMqr5GYvqjlJ","Noah Kahan","Haircut","Mercury Records",102,-1,1,"11877296"
103,"spotify:track:2fCwv2ppU5nTRTckomIGsd","CORTIS","REDRED","Republic Records – CORTIS",103,-1,1,"11849738"
104,"spotify:track:2HRgqmZQC0MC7GeNuDIXHN","Jung Kook, Latto","Seven (feat. Latto) (Explicit Ver.)","BIGHIT MUSIC",1,100,146,"11821489"
105,"spotify:track:73scB4Q4fcOmnsBVZPmk32","KAROL G","Si Antes Te Hubiera Conocido","Bichota/Interscope Records",5,112,90,"11787788"
106,"spotify:track:7mOe6qQYMq1MCzJcifwPu4","Noah Kahan","Paid Time Off","Mercury Records",106,-1,1,"11708005"
107,"spotify:track:58ge6dfP91o9oXMzq3XkIS","Arctic Monkeys","505","Domino/Warner Records",43,99,225,"11699509"
108,"spotify:track:1aUTJpaxVd8LpUfbb19wZH","Coldplay","Yellow","Parlophone UK",19,97,280,"11649870"
109,"spotify:track:3yWuTOYDztXjZxdE2cIRUa","Taylor Swift","Opalite","Taylor Swift",2,103,30,"11640312"
110,"spotify:track:4B0JvthVoAAuygILe3n4Bs","Justin Bieber","What Do You Mean?","RBMG/Def Jam",42,42,10,"11517199"
111,"spotify:track:1xOqGUkyxGQRdCvGpvWKmL","KATSEYE","Gabriela","HYBE/Geffen",10,101,45,"11433917"
112,"spotify:track:7BqBn9nzAq8spo5e7cZ0dJ","Bruno Mars","Just the Way You Are","Atlantic Records",34,86,170,"11388916"
113,"spotify:track:3VegC0PZiHjGxb80DER8XU","BTS","Merry Go Round","BIGHIT MUSIC",12,85,6,"11376446"
114,"spotify:track:2a1o6ZejUi8U3wzzOtCOYw","Don Omar, Lucenzo","Danza Kuduro","UMLE - Machete",80,106,122,"11292963"
115,"spotify:track:60a0Rd6pjrkxjPbaKzXjfq","Linkin Park","In the End","Warner Records",22,102,141,"11256781"
116,"spotify:track:3GCdLUSnKSMJhs4Tj6CV3s","Kendrick Lamar, SZA","All The Stars (with SZA) - From ""Black Panther: The Album""","Black Panther (TDE/DMG) PS",2,123,150,"11241396"
117,"spotify:track:4cgjA7B4fJBHyB9Ya2bu0t","Michael Jackson","Human Nature","Epic",117,-1,1,"11236751"
118,"spotify:track:4wJ5Qq0jBN4ajy7ouZIV1c","ROSÉ, Bruno Mars","APT.","Atlantic Records",1,121,80,"11179280"
119,"spotify:track:3zEN0ii6s4DHHBpnTp3RP7","Empire Of The Sun","We Are The People","EMI Recorded Music Australia Pty Ltd",81,122,39,"11150587"
120,"spotify:track:1qRV1dKLOfH1s00b9J2LUQ","Zara Larsson","Midnight Sun","Sommer House/Epic",105,124,15,"11145059"
121,"spotify:track:1ZNolq7VI7efGlh2hb2VVr","BTS","Into the Sun","BIGHIT MUSIC",20,90,6,"11109397"
122,"spotify:track:6K4t31amVTZDgR3sKmwUJJ","Tame Impala","The Less I Know The Better","Universal Music Australia Pty. Ltd.",84,109,82,"11017912"
123,"spotify:track:17phhZDn6oGtzMe56NuWvj","Teddy Swims","Lose Control","Warner Records",5,114,129,"10940971"
124,"spotify:track:1XpVhaI4HzWrhRWIpdfyJB","BTS","Please","BIGHIT MUSIC",16,93,6,"10901037"
125,"spotify:track:1PREzVLuDT6PSE9sej4wnV","Fuerza Regida, Grupo Frontera","COQUETA","Rancho Humilde/Streetmob Records/Grupo Frontera/Sony Music Latin",88,104,51,"10889531"
126,"spotify:track:7KA4W4McWYRpgf0fWsJZWB","Tyler, The Creator, Kali Uchis","See You Again (feat. Kali Uchis)","Columbia",16,111,159,"10884547"
127,"spotify:track:3hpm0fTeSqlhJbnqAgaLZs","Fuerza Regida","Marlboro Rojo","Rancho Humilde/Street Mob Records/Sony Music Latin",20,105,51,"10882314"
128,"spotify:track:0d28khcov6AiegSCpG5TuT","Gorillaz, De La Soul","Feel Good Inc.","Parlophone UK",46,113,71,"10850397"
129,"spotify:track:0myRViRgmQ3J8izICXEAVO","She & Him","I Thought I Saw Your Face Today","Merge Records",14,94,21,"10843447"
130,"spotify:track:7qiZfU4dY1lWllzX7mPBI3","Ed Sheeran","Shape of You","Atlantic Records UK",1,120,412,"10795230"
131,"spotify:track:76HKOVWqsEg26SECtmw7Rz","Michael Jackson","The Way You Make Me Feel - 2012 Remaster","Epic/Legacy",131,-1,1,"10780269"
132,"spotify:track:79tbBuciPV221EozY3RKQv","Ifan Seventeen","Jangan Paksa Rindu - Beda","RPM",132,148,2,"10733257"
133,"spotify:track:0COqiPhxzoWICwFCS4eZcp","Evanescence","Bring Me To Life","The Bicycle Music Company",90,128,56,"10719452"
134,"spotify:track:7oOOI85fVQvVnK5ynNMdW7","Michael Jackson","Rock with You - Single Version","Epic",134,-1,1,"10700419"
135,"spotify:track:6OICC2Us0JVbUgGXFJJOzZ","Noah Kahan","Deny Deny Deny","Mercury Records",135,-1,1,"10675639"
136,"spotify:track:1mea3bSkSGXuIRvnydlB5b","Coldplay","Viva La Vida","Parlophone UK",31,119,192,"10653417"
137,"spotify:track:6s3w7SUVtmm68Bw5KrKMh0","BTS","One More Night","BIGHIT MUSIC",14,98,6,"10583681"
138,"spotify:track:3e32UUqXzrI4g2y5kNZrwC","Peso Pluma, Tito Double P","dopamina","Double P Records",13,125,18,"10547474"
139,"spotify:track:7tI8dRuH2Yc6RuoTjxo4dU","Jimin","Who","BIGHIT MUSIC",1,131,93,"10496953"
140,"spotify:track:7e4zDInS6tA2jwzphvs2Ay","HUGEL, SOLTO (FR)","Jamaican (Bam Bam)","MoBlack Records",140,150,4,"10484972"
141,"spotify:track:3EnTGnmNu1TDEcpbbTajuo","Noah Kahan","23","Mercury Records",141,-1,1,"10423922"
142,"spotify:track:4QNpBfC0zvjKqPJcyqBy9W","Pitbull, AFROJACK, Ne-Yo, Nayer","Give Me Everything (feat. Nayer)","Mr.305/Polo Grounds Music/J Records",72,117,77,"10363147"
143,"spotify:track:5yJaXWIErrrsjQ3J0eR5aK","Lord Huron","The Night We Met","Lord Huron",15,130,184,"10253491"
144,"spotify:track:1Jo0Zg7XlrA6z0mFTZVdkn","Rihanna","Don't Stop The Music","Def Jam Recordings",133,151,27,"10242098"
145,"spotify:track:0FIDCNYYjNvPVimz5icugS","The Weeknd, Playboi Carti","Timeless (feat Playboi Carti)","XO / Republic Records",3,142,83,"10229139"
146,"spotify:track:2tpWsVSb9UEmDRxAl1zhX1","OneRepublic","Counting Stars","Mosley / Interscope",86,179,261,"10225935"
147,"spotify:track:7gtG45ieyQzKtNKobfLd49","Harry Styles","American Girls","Columbia",1,116,8,"10215060"
148,"spotify:track:0gucTLf7trAf37Ua1uAyAu","Nirvana","Smells Like Teen Spirit","Geffen",103,135,154,"10201502"
149,"spotify:track:0VjIjW4GlUZAMYd2vXMi3b","The Weeknd","Blinding Lights","Republic Records",1,152,335,"10186115"
150,"spotify:track:4nTjkWK590oBDcnIxTr1mI","Justin Bieber","Favorite Girl","RBMG/Def Jam",81,81,3,"10185535"
151,"spotify:track:1XGmzt0PVuFgQYYnV2It7A","Maroon 5, Wiz Khalifa","Payphone","Interscope Records*",70,162,101,"10184647"
152,"spotify:track:2LlQb7Uoj1kKyGhlkBf9aC","Michael Jackson","Thriller","Epic",55,-1,9,"10093731"
153,"spotify:track:13HD3tYTiz8oSRxWzXEq7g","Ella Langley","Be Her","SAWGOD/Columbia",114,141,3,"10080151"
154,"spotify:track:3nqqDo8CcCLke3ZoTgiOKf","The Script","The Man Who Can't Be Moved","Epic/Phonogenic",95,127,24,"9980597"
155,"spotify:track:6ifUES3keWjwXgae8pXI3o","Danny Ocean","Me Rehúso","Atlantic Records",20,133,94,"9882440"
156,"spotify:track:0AcgKF7kbSoCkh3n7vlHwK","Michael Jackson","Dirty Diana - 2012 Remaster","Epic/Legacy",156,-1,1,"9878067"
157,"spotify:track:15JINEqzVMv3SvJTAXAKED","Eminem, Rihanna","Love The Way You Lie","Eminem Catalog PS",156,169,6,"9838977"
158,"spotify:track:2ENexcMEMsYk0rVJigVD3i","Rihanna","Only Girl (In The World)","Def Jam Recordings",99,153,28,"9823219"
159,"spotify:track:0Sa8aRfGckW0qUGLrBwoBG","Lenin Ramírez","Todo Lo Fue","DEL Records",85,191,14,"9806788"
160,"spotify:track:22skzmqfdWrjJylampe0kt","Macklemore, Ryan Lewis, Macklemore & Ryan Lewis, Ray Dalton","Can't Hold Us (feat. Ray Dalton)","Macklemore",86,161,196,"9797071"
161,"spotify:track:0TFTAtCYhp2tQ9KcJIZb55","sombr","undressed","Warner Records",6,115,57,"9788881"
162,"spotify:track:2aHgHoX9SqBDGyMn32W1oA","Coldplay","Sparks","Parlophone UK",30,137,88,"9756864"
163,"spotify:track:0UHB9METy4VCXNgkcGqHqS","Rihanna","Kiss It Better","Roc Nation / Rihanna",100,136,9,"9712977"
164,"spotify:track:7ne4VBA60CxGM75vw0EYad","Gracie Abrams","That’s So True","Gracie Abrams, under exclusive license to Interscope Records",3,160,80,"9705694"
165,"spotify:track:6iOndD4OFo7GkaDypWQIou","W Sound, Beéle, Ovy On The Drums","La Plena - W Sound 05","WEA Latina",5,147,61,"9643711"
166,"spotify:track:1zv3WFUbZ5vPxFq9I2jAU1","Rihanna, Calvin Harris","We Found Love","Def Jam Recordings",59,154,115,"9575422"
167,"spotify:track:0ll8uFnc0nANY35E0Lfxvg","Keane","Somewhere Only We Know","Universal-Island Records Ltd.",71,159,179,"9571806"
168,"spotify:track:6N2iccqxRInhTLHc2Fu3W0","El Bogueto, Yung Beef","Cuando No Era Cantante","Candela Music",18,134,28,"9563363"
169,"spotify:track:0B7wvvmu9EISAwZnOpjhNI","Bruno Mars","When I Was Your Man","Atlantic Records",38,126,174,"9555412"
170,"spotify:track:61rwYQu9An4QWrcCUyFUyq","Ella Langley, Morgan Wallen","I Can't Love You Anymore","SAWGOD/Columbia",170,-1,1,"9532551"
171,"spotify:track:1E7zLPDdqo0OvzVmGj5aoV","Sal Priadi","Ada titik-titik di ujung doa","Orang Pertunjukan",109,129,7,"9491148"
172,"spotify:track:7snQQk1zcKl8gZ92AnueZW","Guns N' Roses","Sweet Child O' Mine","Guns N Roses P&D",101,164,69,"9474563"
173,"spotify:track:6DH13QYXK7lKkYHSU88N48","Daniel Caesar","Who Knows","Republic Records",58,140,23,"9472957"
174,"spotify:track:6SuIUd8Wl5tZcyMFAV0EZJ","Neton Vega","Nalguita y Teta","Josa Records",174,178,2,"9453640"
175,"spotify:track:0RiRZpuVRbi7oqRdSMwhQY","Post Malone, Swae Lee","Sunflower - Spider-Man: Into the Spider-Verse","Republic Records",1,183,335,"9441053"
176,"spotify:track:2gSNBigeWMVtY3QBIvPAEc","Michael Jackson","Bad - 2012 Remaster","Epic/Legacy",176,-1,1,"9440990"
177,"spotify:track:0WbMK4wrZ1wFSty9F7FCgu","Chappell Roan","Good Luck, Babe!","Chappell Roan PS/ Island",6,171,107,"9430559"
178,"spotify:track:2nLtzopw4rPReszdYBJU6h","Linkin Park","Numb","Warner Records",24,143,108,"9426895"
179,"spotify:track:3siwsiaEoU4Kuuc9WKMUy5","The Marías","No One Noticed","Nice Life/Atlantic",37,144,76,"9420377"
180,"spotify:track:54PbBpquVfhfrwRwvjSXbI","Charlie Puth, Selena Gomez","We Don't Talk Anymore (feat. Selena Gomez)","Artist Partner",39,167,77,"9400084"
181,"spotify:track:7JJmb5XwzOO8jgpou264Ml","Shawn Mendes","There's Nothing Holdin' Me Back","Island Records",5,-1,82,"9350411"
182,"spotify:track:5BKKy9fIJL5uM9fz1SnqyP","Michael Jackson","Chicago","Epic/MJJ",182,-1,1,"9310864"
183,"spotify:track:7lQ8MOhq6IN2w8EYcFNSUk","Eminem","Without Me","Eminem Catalog PS",31,180,230,"9259301"
184,"spotify:track:3avYqdwHKEq8beXbeWCKqJ","Katy Perry","Last Friday Night (T.G.I.F.)","Capitol Records",144,199,15,"9189220"
185,"spotify:track:5qqabIl2vWzo9ApSC317sa","Oasis","Wonderwall - Remastered","Big Brother Recordings Ltd",63,174,135,"9185411"
186,"spotify:track:3d0WouFnFmr0K3kjeza3fF","Shakira, Wyclef Jean","Hips Don't Lie (feat. Wyclef Jean)","Epic",82,155,51,"9114479"
187,"spotify:track:2ZyrAym0sRLwt4PhGotHuI","Ryan Castro, Kapo, Gangsta","LA VILLA","AWOO Corp./Sony Music Latin",47,185,16,"9050061"
188,"spotify:track:19XpFsce28aByvCC4g89tJ","Hozier","Too Sweet","Columbia",2,-1,93,"9046986"
189,"spotify:track:4y3VBhJPEztyRmNxfK3tZ5","Noah Kahan","All Them Horses","Mercury Records",189,-1,1,"9043664"
190,"spotify:track:35po0dhj4pRkbVDeooNVBW","Noah Kahan","Staying Still","Mercury Records",190,-1,1,"9003144"
191,"spotify:track:6sTlzpJaFGkFQ4BNccmbW9","Kehlani","Folded","TSNMI / Atlantic",62,-1,34,"8997154"
192,"spotify:track:7ySUcLPVX7KudhnmNcgY2D","Rihanna","S&M","Def Jam Recordings",186,-1,8,"8982847"
193,"spotify:track:3U5JVgI2x4rDyHGObzJfNf","Natasha Bedingfield","Unwritten","Sony Music CG",16,-1,70,"8979879"
194,"spotify:track:5mCPDVBb16L4XQwDdbRUpz","Drake","Passionfruit","Cash Money Records/Young Money Ent./Universal Rec.",2,-1,58,"8972014"
195,"spotify:track:3QGsuHI8jO1Rx4JWLUh9jd","Shawn Mendes","Treat You Better","Island Records",26,-1,54,"8948912"
196,"spotify:track:4jnFqNWeJCeCRHc4HCdxfd","Michael Jackson","Remember the Time","Epic/Legacy",196,-1,1,"8944575"
197,"spotify:track:0tgVpDi06FyKpA1z0VMD4v","Ed Sheeran","Perfect","Atlantic Records UK",4,170,445,"8915319"
198,"spotify:track:1QV6tiMFM6fSOKOGLMHYYg","Lady Gaga","Poker Face","Interscope",37,-1,63,"8908677"
199,"spotify:track:3plyGpDgzfrnZbpElpfioV","BTS","No. 29","BIGHIT MUSIC",22,146,6,"8904918"
200,"spotify:track:13CwOTXUgBugeBByE9oIWb","Nadhif Basalamah","kota ini tak sama tanpamu","After School",48,149,17,"8902902"
